rank,test_error,h2,h3,h6,h12,n,infc,p,Lag,LR,Epochs
1,0.115459,0.124709,0.117556,0.103964,0.115607,50,None,24,24,0.001,500
